claim_id,participant,criterion_id,criterion,level,claim,source_ids,confidence,checked_date,status
C001,Преп-Центр,C1,Готовность к сроку FBS и передаче Яндекс Маркету,8,"Преп-Центр: уровень 8/10 по критерию C1. Есть ежедневная передача и конкретный same-day SLA / время обработки либо несколько операционных окон / резервных маршрутов, явно связанных с Яндекс FBS.",S006;S007;S008;S009;S010;S011,HIGH,2026-10-03,final scoring claim
C002,Преп-Центр,C2,"WMS, API и точность остатков",10,Преп-Центр: уровень 10/10 по критерию C2. Уровень 8 плюс сканирование/ТСД/автозадания и системный контроль ошибок на критических этапах.,S006;S007;S008;S009;S010;S011,HIGH,2026-10-03,final scoring claim
C003,Преп-Центр,C3,Полнота FBS-цикла и возвраты,10,"Преп-Центр: уровень 10/10 по критерию C3. Возвраты детально проверяются, при необходимости переупаковываются/перемаркировываются, пригодный товар возвращается в доступный остаток.",S006;S007;S008;S009;S010;S011,HIGH,2026-10-03,final scoring claim
C004,Преп-Центр,C4,"Упаковка, ярлыки, маркировка и товарная гибкость",10,Преп-Центр: уровень 10/10 по критерию C4. Уровень 8 плюс скан-контроль кодов и подтвержденная практика сложных категорий / нескольких защитных технологий.,S006;S007;S008;S009;S010;S011,HIGH,2026-10-03,final scoring claim
C005,Преп-Центр,C5,Прозрачность и вычислимость тарифа,10,Преп-Центр: уровень 10/10 по критерию C5. По публичным данным можно собрать типовой FBS-чек с существенными условиями / минимумами или работающим калькулятором.,S006;S007;S008;S009;S010;S011,HIGH,2026-10-03,final scoring claim
C006,Преп-Центр,C6,"Мощность, надежность и операционный контроль",9,"Преп-Центр: уровень 9/10 по критерию C6. Промежуточный уровень 9/10 между якорями 8 и 10: нижний якорь подтвержден полностью, часть требований следующего — подтверждена.",S006;S007;S008;S009;S010;S011,HIGH,2026-10-03,final scoring claim
C007,Fulllog,C1,Готовность к сроку FBS и передаче Яндекс Маркету,10,"Fulllog: уровень 10/10 по критерию C1. Есть конкретный same-day cutoff / время заказа→передача, ежедневный процесс и сквозная связь поступления заказа со сборкой и передачей. Число машин само по себе максимум не дает.",S014;S015;S016;S017;S018;S019,HIGH,2026-10-03,final scoring claim
C008,Fulllog,C2,"WMS, API и точность остатков",10,Fulllog: уровень 10/10 по критерию C2. Уровень 8 плюс сканирование/ТСД/автозадания и системный контроль ошибок на критических этапах.,S014;S015;S016;S017;S018;S019,HIGH,2026-10-03,final scoring claim
C009,Fulllog,C3,Полнота FBS-цикла и возвраты,10,"Fulllog: уровень 10/10 по критерию C3. Возвраты детально проверяются, при необходимости переупаковываются/перемаркировываются, пригодный товар возвращается в доступный остаток.",S014;S015;S016;S017;S018;S019,HIGH,2026-10-03,final scoring claim
C010,Fulllog,C4,"Упаковка, ярлыки, маркировка и товарная гибкость",8,Fulllog: уровень 8/10 по критерию C4. Есть Честный знак / Data Matrix и несколько защитных упаковочных сценариев.,S014;S015;S016;S017;S018;S019,HIGH,2026-10-03,final scoring claim
C011,Fulllog,C5,Прозрачность и вычислимость тарифа,10,Fulllog: уровень 10/10 по критерию C5. По публичным данным можно собрать типовой FBS-чек с существенными условиями / минимумами или работающим калькулятором.,S014;S015;S016;S017;S018;S019,HIGH,2026-10-03,final scoring claim
C012,Fulllog,C6,"Мощность, надежность и операционный контроль",8,"Fulllog: уровень 8/10 по критерию C6. Есть измеримая мощность/масштаб и 2+ независимых механизма контроля: режим, видео, транспорт, SLA, ответственность.",S014;S015;S016;S017;S018;S019,HIGH,2026-10-03,final scoring claim
C013,fulfil.pro,C1,Готовность к сроку FBS и передаче Яндекс Маркету,10,"fulfil.pro: уровень 10/10 по критерию C1. Есть конкретный same-day cutoff / время заказа→передача, ежедневный процесс и сквозная связь поступления заказа со сборкой и передачей. Число машин само по себе максимум не дает.",S020;S021,HIGH,2026-10-03,final scoring claim
C014,fulfil.pro,C2,"WMS, API и точность остатков",8,"fulfil.pro: уровень 8/10 по критерию C2. Подтверждены WMS/API, автоматическое получение заказов и синхронизация остатков/статусов.",S020;S021,HIGH,2026-10-03,final scoring claim
C015,fulfil.pro,C3,Полнота FBS-цикла и возвраты,10,"fulfil.pro: уровень 10/10 по критерию C3. Возвраты детально проверяются, при необходимости переупаковываются/перемаркировываются, пригодный товар возвращается в доступный остаток.",S020;S021,HIGH,2026-10-03,final scoring claim
C016,fulfil.pro,C4,"Упаковка, ярлыки, маркировка и товарная гибкость",8,fulfil.pro: уровень 8/10 по критерию C4. Есть Честный знак / Data Matrix и несколько защитных упаковочных сценариев.,S020;S021,HIGH,2026-10-03,final scoring claim
C017,fulfil.pro,C5,Прозрачность и вычислимость тарифа,10,fulfil.pro: уровень 10/10 по критерию C5. По публичным данным можно собрать типовой FBS-чек с существенными условиями / минимумами или работающим калькулятором.,S020;S021,HIGH,2026-10-03,final scoring claim
C018,fulfil.pro,C6,"Мощность, надежность и операционный контроль",10,"fulfil.pro: уровень 10/10 по критерию C6. Крупная масштабируемая инфраструктура с высокой измеримой мощностью, несколькими независимыми механизмами контроля и формальной ответственностью / SLA.",S020;S021,HIGH,2026-10-03,final scoring claim
C019,Yunu,C1,Готовность к сроку FBS и передаче Яндекс Маркету,10,"Yunu: уровень 10/10 по критерию C1. Есть конкретный same-day cutoff / время заказа→передача, ежедневный процесс и сквозная связь поступления заказа со сборкой и передачей. Число машин само по себе максимум не дает.",S022;S023;S024,HIGH,2026-10-03,final scoring claim
C020,Yunu,C2,"WMS, API и точность остатков",10,Yunu: уровень 10/10 по критерию C2. Уровень 8 плюс сканирование/ТСД/автозадания и системный контроль ошибок на критических этапах.,S022;S023;S024,HIGH,2026-10-03,final scoring claim
C021,Yunu,C3,Полнота FBS-цикла и возвраты,8,Yunu: уровень 8/10 по критерию C3. Основной цикл плюс прием и проверка возвратов подтверждены.,S022;S023;S024,HIGH,2026-10-03,final scoring claim
C022,Yunu,C4,"Упаковка, ярлыки, маркировка и товарная гибкость",8,Yunu: уровень 8/10 по критерию C4. Есть Честный знак / Data Matrix и несколько защитных упаковочных сценариев.,S022;S023;S024,HIGH,2026-10-03,final scoring claim
C023,Yunu,C5,Прозрачность и вычислимость тарифа,10,Yunu: уровень 10/10 по критерию C5. По публичным данным можно собрать типовой FBS-чек с существенными условиями / минимумами или работающим калькулятором.,S022;S023;S024,HIGH,2026-10-03,final scoring claim
C024,Yunu,C6,"Мощность, надежность и операционный контроль",8,"Yunu: уровень 8/10 по критерию C6. Есть измеримая мощность/масштаб и 2+ независимых механизма контроля: режим, видео, транспорт, SLA, ответственность.",S022;S023;S024,HIGH,2026-10-03,final scoring claim
C025,LOGIDEX,C1,Готовность к сроку FBS и передаче Яндекс Маркету,8,"LOGIDEX: уровень 8/10 по критерию C1. Есть ежедневная передача и конкретный same-day SLA / время обработки либо несколько операционных окон / резервных маршрутов, явно связанных с Яндекс FBS.",S025;S026;S027,HIGH,2026-10-03,final scoring claim
C026,LOGIDEX,C2,"WMS, API и точность остатков",10,LOGIDEX: уровень 10/10 по критерию C2. Уровень 8 плюс сканирование/ТСД/автозадания и системный контроль ошибок на критических этапах.,S025;S026;S027,HIGH,2026-10-03,final scoring claim
C027,LOGIDEX,C3,Полнота FBS-цикла и возвраты,6,LOGIDEX: уровень 6/10 по критерию C3. Приемка/хранение/сборка/упаковка/передача подтверждены; возвраты раскрыты слабо.,S025;S026;S027,HIGH,2026-10-03,final scoring claim
C028,LOGIDEX,C4,"Упаковка, ярлыки, маркировка и товарная гибкость",10,LOGIDEX: уровень 10/10 по критерию C4. Уровень 8 плюс скан-контроль кодов и подтвержденная практика сложных категорий / нескольких защитных технологий.,S025;S026;S027,HIGH,2026-10-03,final scoring claim
C029,LOGIDEX,C5,Прозрачность и вычислимость тарифа,10,LOGIDEX: уровень 10/10 по критерию C5. По публичным данным можно собрать типовой FBS-чек с существенными условиями / минимумами или работающим калькулятором.,S025;S026;S027,HIGH,2026-10-03,final scoring claim
C030,LOGIDEX,C6,"Мощность, надежность и операционный контроль",8,"LOGIDEX: уровень 8/10 по критерию C6. Есть измеримая мощность/масштаб и 2+ независимых механизма контроля: режим, видео, транспорт, SLA, ответственность.",S025;S026;S027,HIGH,2026-10-03,final scoring claim
C031,O-FF,C1,Готовность к сроку FBS и передаче Яндекс Маркету,10,"O-FF: уровень 10/10 по критерию C1. Есть конкретный same-day cutoff / время заказа→передача, ежедневный процесс и сквозная связь поступления заказа со сборкой и передачей. Число машин само по себе максимум не дает.",S028;S029,HIGH,2026-10-03,final scoring claim
C032,O-FF,C2,"WMS, API и точность остатков",6,O-FF: уровень 6/10 по критерию C2. WMS/ЛК ведут остатки и статусы; автоматическое получение заказов или скан-контроль раскрыты неполно.,S028;S029,HIGH,2026-10-03,final scoring claim
C033,O-FF,C3,Полнота FBS-цикла и возвраты,10,"O-FF: уровень 10/10 по критерию C3. Возвраты детально проверяются, при необходимости переупаковываются/перемаркировываются, пригодный товар возвращается в доступный остаток.",S028;S029,HIGH,2026-10-03,final scoring claim
C034,O-FF,C4,"Упаковка, ярлыки, маркировка и товарная гибкость",8,O-FF: уровень 8/10 по критерию C4. Есть Честный знак / Data Matrix и несколько защитных упаковочных сценариев.,S028;S029,HIGH,2026-10-03,final scoring claim
C035,O-FF,C5,Прозрачность и вычислимость тарифа,8,"O-FF: уровень 8/10 по критерию C5. Опубликованы основные операции, хранение/упаковка/логистика; отдельные компоненты требуют уточнения.",S028;S029,HIGH,2026-10-03,final scoring claim
C036,O-FF,C6,"Мощность, надежность и операционный контроль",8,"O-FF: уровень 8/10 по критерию C6. Есть измеримая мощность/масштаб и 2+ независимых механизма контроля: режим, видео, транспорт, SLA, ответственность.",S028;S029,HIGH,2026-10-03,final scoring claim
C037,Helpberries,C1,Готовность к сроку FBS и передаче Яндекс Маркету,8,"Helpberries: уровень 8/10 по критерию C1. Есть ежедневная передача и конкретный same-day SLA / время обработки либо несколько операционных окон / резервных маршрутов, явно связанных с Яндекс FBS.",S033;S034;S035,HIGH,2026-10-03,final scoring claim
C038,Helpberries,C2,"WMS, API и точность остатков",8,"Helpberries: уровень 8/10 по критерию C2. Подтверждены WMS/API, автоматическое получение заказов и синхронизация остатков/статусов.",S033;S034;S035,HIGH,2026-10-03,final scoring claim
C039,Helpberries,C3,Полнота FBS-цикла и возвраты,8,Helpberries: уровень 8/10 по критерию C3. Основной цикл плюс прием и проверка возвратов подтверждены.,S033;S034;S035,HIGH,2026-10-03,final scoring claim
C040,Helpberries,C4,"Упаковка, ярлыки, маркировка и товарная гибкость",8,Helpberries: уровень 8/10 по критерию C4. Есть Честный знак / Data Matrix и несколько защитных упаковочных сценариев.,S033;S034;S035,HIGH,2026-10-03,final scoring claim
C041,Helpberries,C5,Прозрачность и вычислимость тарифа,8,"Helpberries: уровень 8/10 по критерию C5. Опубликованы основные операции, хранение/упаковка/логистика; отдельные компоненты требуют уточнения.",S033;S034;S035,HIGH,2026-10-03,final scoring claim
C042,Helpberries,C6,"Мощность, надежность и операционный контроль",8,"Helpberries: уровень 8/10 по критерию C6. Есть измеримая мощность/масштаб и 2+ независимых механизма контроля: режим, видео, транспорт, SLA, ответственность.",S033;S034;S035,HIGH,2026-10-03,final scoring claim
C043,FullSklad,C1,Готовность к сроку FBS и передаче Яндекс Маркету,6,FullSklad: уровень 6/10 по критерию C1. Подтверждена ежедневная плановая передача заказов Маркету без конкретного same-day cutoff.,S030;S031;S032,HIGH,2026-10-03,final scoring claim
C044,FullSklad,C2,"WMS, API и точность остатков",10,FullSklad: уровень 10/10 по критерию C2. Уровень 8 плюс сканирование/ТСД/автозадания и системный контроль ошибок на критических этапах.,S030;S031;S032,HIGH,2026-10-03,final scoring claim
C045,FullSklad,C3,Полнота FBS-цикла и возвраты,10,"FullSklad: уровень 10/10 по критерию C3. Возвраты детально проверяются, при необходимости переупаковываются/перемаркировываются, пригодный товар возвращается в доступный остаток.",S030;S031;S032,HIGH,2026-10-03,final scoring claim
C046,FullSklad,C4,"Упаковка, ярлыки, маркировка и товарная гибкость",8,FullSklad: уровень 8/10 по критерию C4. Есть Честный знак / Data Matrix и несколько защитных упаковочных сценариев.,S030;S031;S032,HIGH,2026-10-03,final scoring claim
C047,FullSklad,C5,Прозрачность и вычислимость тарифа,4,"FullSklad: уровень 4/10 по критерию C5. Опубликованы отдельные цены или «от», но типовой FBS-сценарий не складывается.",S030;S031;S032,HIGH,2026-10-03,final scoring claim
C048,FullSklad,C6,"Мощность, надежность и операционный контроль",8,"FullSklad: уровень 8/10 по критерию C6. Есть измеримая мощность/масштаб и 2+ независимых механизма контроля: режим, видео, транспорт, SLA, ответственность.",S030;S031;S032,HIGH,2026-10-03,final scoring claim
C049,WBBK,C1,Готовность к сроку FBS и передаче Яндекс Маркету,8,"WBBK: уровень 8/10 по критерию C1. Есть ежедневная передача и конкретный same-day SLA / время обработки либо несколько операционных окон / резервных маршрутов, явно связанных с Яндекс FBS.",S036;S037;S038,HIGH,2026-10-03,final scoring claim
C050,WBBK,C2,"WMS, API и точность остатков",8,"WBBK: уровень 8/10 по критерию C2. Подтверждены WMS/API, автоматическое получение заказов и синхронизация остатков/статусов.",S036;S037;S038,HIGH,2026-10-03,final scoring claim
C051,WBBK,C3,Полнота FBS-цикла и возвраты,6,WBBK: уровень 6/10 по критерию C3. Приемка/хранение/сборка/упаковка/передача подтверждены; возвраты раскрыты слабо.,S036;S037;S038,HIGH,2026-10-03,final scoring claim
C052,WBBK,C4,"Упаковка, ярлыки, маркировка и товарная гибкость",8,WBBK: уровень 8/10 по критерию C4. Есть Честный знак / Data Matrix и несколько защитных упаковочных сценариев.,S036;S037;S038,HIGH,2026-10-03,final scoring claim
C053,WBBK,C5,Прозрачность и вычислимость тарифа,10,WBBK: уровень 10/10 по критерию C5. По публичным данным можно собрать типовой FBS-чек с существенными условиями / минимумами или работающим калькулятором.,S036;S037;S038,HIGH,2026-10-03,final scoring claim
C054,WBBK,C6,"Мощность, надежность и операционный контроль",8,"WBBK: уровень 8/10 по критерию C6. Есть измеримая мощность/масштаб и 2+ независимых механизма контроля: режим, видео, транспорт, SLA, ответственность.",S036;S037;S038,HIGH,2026-10-03,final scoring claim
C055,Vitaff,C1,Готовность к сроку FBS и передаче Яндекс Маркету,8,"Vitaff: уровень 8/10 по критерию C1. Есть ежедневная передача и конкретный same-day SLA / время обработки либо несколько операционных окон / резервных маршрутов, явно связанных с Яндекс FBS.",S039;S040;S041,HIGH,2026-10-03,final scoring claim
C056,Vitaff,C2,"WMS, API и точность остатков",8,"Vitaff: уровень 8/10 по критерию C2. Подтверждены WMS/API, автоматическое получение заказов и синхронизация остатков/статусов.",S039;S040;S041,HIGH,2026-10-03,final scoring claim
C057,Vitaff,C3,Полнота FBS-цикла и возвраты,8,Vitaff: уровень 8/10 по критерию C3. Основной цикл плюс прием и проверка возвратов подтверждены.,S039;S040;S041,HIGH,2026-10-03,final scoring claim
C058,Vitaff,C4,"Упаковка, ярлыки, маркировка и товарная гибкость",6,"Vitaff: уровень 6/10 по критерию C4. Подтверждены разные форматы упаковки, ярлыки и контроль маркировки по требованиям Яндекс Маркета.",S039;S040;S041,HIGH,2026-10-03,final scoring claim
C059,Vitaff,C5,Прозрачность и вычислимость тарифа,10,Vitaff: уровень 10/10 по критерию C5. По публичным данным можно собрать типовой FBS-чек с существенными условиями / минимумами или работающим калькулятором.,S039;S040;S041,HIGH,2026-10-03,final scoring claim
C060,Vitaff,C6,"Мощность, надежность и операционный контроль",6,Vitaff: уровень 6/10 по критерию C6. Есть измеримый масштаб/мощность плюс минимум 1 механизм контроля или формальной ответственности.,S039;S040;S041,HIGH,2026-10-03,final scoring claim
C061,СДЭК Фулфилмент,C1,Готовность к сроку FBS и передаче Яндекс Маркету,6,СДЭК Фулфилмент: уровень 6/10 по критерию C1. Подтверждена ежедневная плановая передача заказов Маркету без конкретного same-day cutoff.,S042;S043,HIGH,2026-10-03,final scoring claim
C062,СДЭК Фулфилмент,C2,"WMS, API и точность остатков",8,"СДЭК Фулфилмент: уровень 8/10 по критерию C2. Подтверждены WMS/API, автоматическое получение заказов и синхронизация остатков/статусов.",S042;S043,HIGH,2026-10-03,final scoring claim
C063,СДЭК Фулфилмент,C3,Полнота FBS-цикла и возвраты,8,СДЭК Фулфилмент: уровень 8/10 по критерию C3. Основной цикл плюс прием и проверка возвратов подтверждены.,S042;S043,HIGH,2026-10-03,final scoring claim
C064,СДЭК Фулфилмент,C4,"Упаковка, ярлыки, маркировка и товарная гибкость",6,"СДЭК Фулфилмент: уровень 6/10 по критерию C4. Подтверждены разные форматы упаковки, ярлыки и контроль маркировки по требованиям Яндекс Маркета.",S042;S043,HIGH,2026-10-03,final scoring claim
C065,СДЭК Фулфилмент,C5,Прозрачность и вычислимость тарифа,8,"СДЭК Фулфилмент: уровень 8/10 по критерию C5. Опубликованы основные операции, хранение/упаковка/логистика; отдельные компоненты требуют уточнения.",S042;S043,HIGH,2026-10-03,final scoring claim
C066,СДЭК Фулфилмент,C6,"Мощность, надежность и операционный контроль",9,"СДЭК Фулфилмент: уровень 9/10 по критерию C6. Промежуточный уровень 9/10 между якорями 8 и 10: нижний якорь подтвержден полностью, часть требований следующего — подтверждена.",S042;S043,HIGH,2026-10-03,final scoring claim
C067,Бета ПРО,C1,Готовность к сроку FBS и передаче Яндекс Маркету,6,Бета ПРО: уровень 6/10 по критерию C1. Подтверждена ежедневная плановая передача заказов Маркету без конкретного same-day cutoff.,S044;S045,HIGH,2026-10-03,final scoring claim
C068,Бета ПРО,C2,"WMS, API и точность остатков",8,"Бета ПРО: уровень 8/10 по критерию C2. Подтверждены WMS/API, автоматическое получение заказов и синхронизация остатков/статусов.",S044;S045,HIGH,2026-10-03,final scoring claim
C069,Бета ПРО,C3,Полнота FBS-цикла и возвраты,8,Бета ПРО: уровень 8/10 по критерию C3. Основной цикл плюс прием и проверка возвратов подтверждены.,S044;S045,HIGH,2026-10-03,final scoring claim
C070,Бета ПРО,C4,"Упаковка, ярлыки, маркировка и товарная гибкость",8,Бета ПРО: уровень 8/10 по критерию C4. Есть Честный знак / Data Matrix и несколько защитных упаковочных сценариев.,S044;S045,HIGH,2026-10-03,final scoring claim
C071,Бета ПРО,C5,Прозрачность и вычислимость тарифа,2,Бета ПРО: уровень 2/10 по критерию C5. Есть заявка / расчет менеджером без ставок.,S044;S045,HIGH,2026-10-03,final scoring claim
C072,Бета ПРО,C6,"Мощность, надежность и операционный контроль",10,"Бета ПРО: уровень 10/10 по критерию C6. Крупная масштабируемая инфраструктура с высокой измеримой мощностью, несколькими независимыми механизмами контроля и формальной ответственностью / SLA.",S044;S045,HIGH,2026-10-03,final scoring claim
C073,LRpack,C1,Готовность к сроку FBS и передаче Яндекс Маркету,6,LRpack: уровень 6/10 по критерию C1. Подтверждена ежедневная плановая передача заказов Маркету без конкретного same-day cutoff.,S046;S047,HIGH,2026-10-03,final scoring claim
C074,LRpack,C2,"WMS, API и точность остатков",8,"LRpack: уровень 8/10 по критерию C2. Подтверждены WMS/API, автоматическое получение заказов и синхронизация остатков/статусов.",S046;S047,HIGH,2026-10-03,final scoring claim
C075,LRpack,C3,Полнота FBS-цикла и возвраты,6,LRpack: уровень 6/10 по критерию C3. Приемка/хранение/сборка/упаковка/передача подтверждены; возвраты раскрыты слабо.,S046;S047,HIGH,2026-10-03,final scoring claim
C076,LRpack,C4,"Упаковка, ярлыки, маркировка и товарная гибкость",8,LRpack: уровень 8/10 по критерию C4. Есть Честный знак / Data Matrix и несколько защитных упаковочных сценариев.,S046;S047,HIGH,2026-10-03,final scoring claim
C077,LRpack,C5,Прозрачность и вычислимость тарифа,2,LRpack: уровень 2/10 по критерию C5. Есть заявка / расчет менеджером без ставок.,S046;S047,HIGH,2026-10-03,final scoring claim
C078,LRpack,C6,"Мощность, надежность и операционный контроль",10,"LRpack: уровень 10/10 по критерию C6. Крупная масштабируемая инфраструктура с высокой измеримой мощностью, несколькими независимыми механизмами контроля и формальной ответственностью / SLA.",S046;S047,HIGH,2026-10-03,final scoring claim
C079,Full-Fix,C1,Готовность к сроку FBS и передаче Яндекс Маркету,4,"Full-Fix: уровень 4/10 по критерию C1. Стандартный Яндекс Маркет FBS подтвержден, но график / срок передачи почти не раскрыт.",S048;S049;S050,HIGH,2026-10-03,final scoring claim
C080,Full-Fix,C2,"WMS, API и точность остатков",8,"Full-Fix: уровень 8/10 по критерию C2. Подтверждены WMS/API, автоматическое получение заказов и синхронизация остатков/статусов.",S048;S049;S050,HIGH,2026-10-03,final scoring claim
C081,Full-Fix,C3,Полнота FBS-цикла и возвраты,6,Full-Fix: уровень 6/10 по критерию C3. Приемка/хранение/сборка/упаковка/передача подтверждены; возвраты раскрыты слабо.,S048;S049;S050,HIGH,2026-10-03,final scoring claim
C082,Full-Fix,C4,"Упаковка, ярлыки, маркировка и товарная гибкость",10,Full-Fix: уровень 10/10 по критерию C4. Уровень 8 плюс скан-контроль кодов и подтвержденная практика сложных категорий / нескольких защитных технологий.,S048;S049;S050,HIGH,2026-10-03,final scoring claim
C083,Full-Fix,C5,Прозрачность и вычислимость тарифа,2,Full-Fix: уровень 2/10 по критерию C5. Есть заявка / расчет менеджером без ставок.,S048;S049;S050,HIGH,2026-10-03,final scoring claim
C084,Full-Fix,C6,"Мощность, надежность и операционный контроль",10,"Full-Fix: уровень 10/10 по критерию C6. Крупная масштабируемая инфраструктура с высокой измеримой мощностью, несколькими независимыми механизмами контроля и формальной ответственностью / SLA.",S048;S049;S050,HIGH,2026-10-03,final scoring claim
C085,FullMark,C1,Готовность к сроку FBS и передаче Яндекс Маркету,6,FullMark: уровень 6/10 по критерию C1. Подтверждена ежедневная плановая передача заказов Маркету без конкретного same-day cutoff.,S051;S052,HIGH,2026-10-03,final scoring claim
C086,FullMark,C2,"WMS, API и точность остатков",6,FullMark: уровень 6/10 по критерию C2. WMS/ЛК ведут остатки и статусы; автоматическое получение заказов или скан-контроль раскрыты неполно.,S051;S052,HIGH,2026-10-03,final scoring claim
C087,FullMark,C3,Полнота FBS-цикла и возвраты,6,FullMark: уровень 6/10 по критерию C3. Приемка/хранение/сборка/упаковка/передача подтверждены; возвраты раскрыты слабо.,S051;S052,HIGH,2026-10-03,final scoring claim
C088,FullMark,C4,"Упаковка, ярлыки, маркировка и товарная гибкость",8,FullMark: уровень 8/10 по критерию C4. Есть Честный знак / Data Matrix и несколько защитных упаковочных сценариев.,S051;S052,HIGH,2026-10-03,final scoring claim
C089,FullMark,C5,Прозрачность и вычислимость тарифа,10,FullMark: уровень 10/10 по критерию C5. По публичным данным можно собрать типовой FBS-чек с существенными условиями / минимумами или работающим калькулятором.,S051;S052,HIGH,2026-10-03,final scoring claim
C090,FullMark,C6,"Мощность, надежность и операционный контроль",6,FullMark: уровень 6/10 по критерию C6. Есть измеримый масштаб/мощность плюс минимум 1 механизм контроля или формальной ответственности.,S051;S052,HIGH,2026-10-03,final scoring claim
C091,FullFusion,C1,Готовность к сроку FBS и передаче Яндекс Маркету,8,"FullFusion: уровень 8/10 по критерию C1. Есть ежедневная передача и конкретный same-day SLA / время обработки либо несколько операционных окон / резервных маршрутов, явно связанных с Яндекс FBS.",S053,HIGH,2026-10-03,final scoring claim
C092,FullFusion,C2,"WMS, API и точность остатков",6,FullFusion: уровень 6/10 по критерию C2. WMS/ЛК ведут остатки и статусы; автоматическое получение заказов или скан-контроль раскрыты неполно.,S053,HIGH,2026-10-03,final scoring claim
C093,FullFusion,C3,Полнота FBS-цикла и возвраты,6,FullFusion: уровень 6/10 по критерию C3. Приемка/хранение/сборка/упаковка/передача подтверждены; возвраты раскрыты слабо.,S053,HIGH,2026-10-03,final scoring claim
C094,FullFusion,C4,"Упаковка, ярлыки, маркировка и товарная гибкость",6,"FullFusion: уровень 6/10 по критерию C4. Подтверждены разные форматы упаковки, ярлыки и контроль маркировки по требованиям Яндекс Маркета.",S053,HIGH,2026-10-03,final scoring claim
C095,FullFusion,C5,Прозрачность и вычислимость тарифа,6,FullFusion: уровень 6/10 по критерию C5. Есть стоимость ключевой FBS-операции и часть сопутствующих ставок.,S053,HIGH,2026-10-03,final scoring claim
C096,FullFusion,C6,"Мощность, надежность и операционный контроль",6,FullFusion: уровень 6/10 по критерию C6. Есть измеримый масштаб/мощность плюс минимум 1 механизм контроля или формальной ответственности.,S053,HIGH,2026-10-03,final scoring claim
C097,Bawaga,C1,Готовность к сроку FBS и передаче Яндекс Маркету,4,"Bawaga: уровень 4/10 по критерию C1. Стандартный Яндекс Маркет FBS подтвержден, но график / срок передачи почти не раскрыт.",S054,HIGH,2026-10-03,final scoring claim
C098,Bawaga,C2,"WMS, API и точность остатков",6,Bawaga: уровень 6/10 по критерию C2. WMS/ЛК ведут остатки и статусы; автоматическое получение заказов или скан-контроль раскрыты неполно.,S054,HIGH,2026-10-03,final scoring claim
C099,Bawaga,C3,Полнота FBS-цикла и возвраты,8,Bawaga: уровень 8/10 по критерию C3. Основной цикл плюс прием и проверка возвратов подтверждены.,S054,HIGH,2026-10-03,final scoring claim
C100,Bawaga,C4,"Упаковка, ярлыки, маркировка и товарная гибкость",8,Bawaga: уровень 8/10 по критерию C4. Есть Честный знак / Data Matrix и несколько защитных упаковочных сценариев.,S054,HIGH,2026-10-03,final scoring claim
C101,Bawaga,C5,Прозрачность и вычислимость тарифа,4,"Bawaga: уровень 4/10 по критерию C5. Опубликованы отдельные цены или «от», но типовой FBS-сценарий не складывается.",S054,HIGH,2026-10-03,final scoring claim
C102,Bawaga,C6,"Мощность, надежность и операционный контроль",6,Bawaga: уровень 6/10 по критерию C6. Есть измеримый масштаб/мощность плюс минимум 1 механизм контроля или формальной ответственности.,S054,HIGH,2026-10-03,final scoring claim
C103,FullBox,C1,Готовность к сроку FBS и передаче Яндекс Маркету,4,"FullBox: уровень 4/10 по критерию C1. Стандартный Яндекс Маркет FBS подтвержден, но график / срок передачи почти не раскрыт.",S055;S056;S057,HIGH,2026-10-03,final scoring claim
C104,FullBox,C2,"WMS, API и точность остатков",6,FullBox: уровень 6/10 по критерию C2. WMS/ЛК ведут остатки и статусы; автоматическое получение заказов или скан-контроль раскрыты неполно.,S055;S056;S057,HIGH,2026-10-03,final scoring claim
C105,FullBox,C3,Полнота FBS-цикла и возвраты,6,FullBox: уровень 6/10 по критерию C3. Приемка/хранение/сборка/упаковка/передача подтверждены; возвраты раскрыты слабо.,S055;S056;S057,HIGH,2026-10-03,final scoring claim
C106,FullBox,C4,"Упаковка, ярлыки, маркировка и товарная гибкость",8,FullBox: уровень 8/10 по критерию C4. Есть Честный знак / Data Matrix и несколько защитных упаковочных сценариев.,S055;S056;S057,HIGH,2026-10-03,final scoring claim
C107,FullBox,C5,Прозрачность и вычислимость тарифа,8,"FullBox: уровень 8/10 по критерию C5. Опубликованы основные операции, хранение/упаковка/логистика; отдельные компоненты требуют уточнения.",S055;S056;S057,HIGH,2026-10-03,final scoring claim
C108,FullBox,C6,"Мощность, надежность и операционный контроль",6,FullBox: уровень 6/10 по критерию C6. Есть измеримый масштаб/мощность плюс минимум 1 механизм контроля или формальной ответственности.,S055;S056;S057,HIGH,2026-10-03,final scoring claim
C109,Оператор-3000,C1,Готовность к сроку FBS и передаче Яндекс Маркету,4,"Оператор-3000: уровень 4/10 по критерию C1. Стандартный Яндекс Маркет FBS подтвержден, но график / срок передачи почти не раскрыт.",S058;S059,HIGH,2026-10-03,final scoring claim
C110,Оператор-3000,C2,"WMS, API и точность остатков",4,"Оператор-3000: уровень 4/10 по критерию C2. Есть WMS, личный кабинет или интеграция, но без сквозного процесса.",S058;S059,HIGH,2026-10-03,final scoring claim
C111,Оператор-3000,C3,Полнота FBS-цикла и возвраты,8,Оператор-3000: уровень 8/10 по критерию C3. Основной цикл плюс прием и проверка возвратов подтверждены.,S058;S059,HIGH,2026-10-03,final scoring claim
C112,Оператор-3000,C4,"Упаковка, ярлыки, маркировка и товарная гибкость",8,Оператор-3000: уровень 8/10 по критерию C4. Есть Честный знак / Data Matrix и несколько защитных упаковочных сценариев.,S058;S059,HIGH,2026-10-03,final scoring claim
C113,Оператор-3000,C5,Прозрачность и вычислимость тарифа,2,Оператор-3000: уровень 2/10 по критерию C5. Есть заявка / расчет менеджером без ставок.,S058;S059,HIGH,2026-10-03,final scoring claim
C114,Оператор-3000,C6,"Мощность, надежность и операционный контроль",6,Оператор-3000: уровень 6/10 по критерию C6. Есть измеримый масштаб/мощность плюс минимум 1 механизм контроля или формальной ответственности.,S058;S059,HIGH,2026-10-03,final scoring claim
C115,Cross Fulfilment,C1,Готовность к сроку FBS и передаче Яндекс Маркету,4,"Cross Fulfilment: уровень 4/10 по критерию C1. Стандартный Яндекс Маркет FBS подтвержден, но график / срок передачи почти не раскрыт.",S060;S061,HIGH,2026-10-03,final scoring claim
C116,Cross Fulfilment,C2,"WMS, API и точность остатков",4,"Cross Fulfilment: уровень 4/10 по критерию C2. Есть WMS, личный кабинет или интеграция, но без сквозного процесса.",S060;S061,HIGH,2026-10-03,final scoring claim
C117,Cross Fulfilment,C3,Полнота FBS-цикла и возвраты,8,Cross Fulfilment: уровень 8/10 по критерию C3. Основной цикл плюс прием и проверка возвратов подтверждены.,S060;S061,HIGH,2026-10-03,final scoring claim
C118,Cross Fulfilment,C4,"Упаковка, ярлыки, маркировка и товарная гибкость",6,"Cross Fulfilment: уровень 6/10 по критерию C4. Подтверждены разные форматы упаковки, ярлыки и контроль маркировки по требованиям Яндекс Маркета.",S060;S061,HIGH,2026-10-03,final scoring claim
C119,Cross Fulfilment,C5,Прозрачность и вычислимость тарифа,4,"Cross Fulfilment: уровень 4/10 по критерию C5. Опубликованы отдельные цены или «от», но типовой FBS-сценарий не складывается.",S060;S061,HIGH,2026-10-03,final scoring claim
C120,Cross Fulfilment,C6,"Мощность, надежность и операционный контроль",6,Cross Fulfilment: уровень 6/10 по критерию C6. Есть измеримый масштаб/мощность плюс минимум 1 механизм контроля или формальной ответственности.,S060;S061,HIGH,2026-10-03,final scoring claim
