criterion_id,level,label,operational_definition
C1,0,Нет подтверждения,Стандартный Яндекс Маркет FBS не подтвержден.
C1,2,Общий FBS-сигнал,"Есть общий FBS и Яндекс Маркет, но не подтвержден конкретный процесс передачи заказов."
C1,4,Прямой Yandex FBS,"Стандартный Яндекс Маркет FBS подтвержден, но график / срок передачи почти не раскрыт."
C1,6,Ежедневная передача,Подтверждена ежедневная плановая передача заказов Маркету без конкретного same-day cutoff.
C1,8,Сильная deadline-готовность,"Есть ежедневная передача и конкретный same-day SLA / время обработки либо несколько операционных окон / резервных маршрутов, явно связанных с Яндекс FBS."
C1,10,Сквозной контроль срока,"Есть конкретный same-day cutoff / время заказа→передача, ежедневный процесс и сквозная связь поступления заказа со сборкой и передачей. Число машин само по себе максимум не дает."
C2,0,Нет подтверждения,Нет проверяемых данных об автоматизации FBS.
C2,2,Базовый учет,Есть только общий учет / ПО без связи с заказами и остатками Яндекс Маркета.
C2,4,Один цифровой элемент,"Есть WMS, личный кабинет или интеграция, но без сквозного процесса."
C2,6,Системный учет,WMS/ЛК ведут остатки и статусы; автоматическое получение заказов или скан-контроль раскрыты неполно.
C2,8,API + остатки,"Подтверждены WMS/API, автоматическое получение заказов и синхронизация остатков/статусов."
C2,10,Сквозной цифровой контур,Уровень 8 плюс сканирование/ТСД/автозадания и системный контроль ошибок на критических этапах.
C3,0,Нет подтверждения,Нет достаточного подтверждения ежедневного FBS-процесса.
C3,2,Отдельные операции,Подтверждены только 1–2 складские операции.
C3,4,Частичный цикл,"Есть хранение и часть обработки заказа, но ключевые этапы раскрыты неполно."
C3,6,Основной цикл,Приемка/хранение/сборка/упаковка/передача подтверждены; возвраты раскрыты слабо.
C3,8,Полный цикл,Основной цикл плюс прием и проверка возвратов подтверждены.
C3,10,Замкнутый цикл,"Возвраты детально проверяются, при необходимости переупаковываются/перемаркировываются, пригодный товар возвращается в доступный остаток."
C4,0,Нет подтверждения,Нет подтвержденной упаковки/маркировки сверх минимальной операции.
C4,2,Базовая этикетка,Есть простая упаковка или печать базовой этикетки.
C4,4,Несколько базовых операций,"Есть несколько упаковочных операций, но маркируемые/сложные сценарии не раскрыты."
C4,6,Требования Маркета,"Подтверждены разные форматы упаковки, ярлыки и контроль маркировки по требованиям Яндекс Маркета."
C4,8,Честный знак + гибкость,Есть Честный знак / Data Matrix и несколько защитных упаковочных сценариев.
C4,10,Глубокая товарная гибкость,Уровень 8 плюс скан-контроль кодов и подтвержденная практика сложных категорий / нескольких защитных технологий.
C5,0,Нет публичной экономики,Публичных ценовых ориентиров нет.
C5,2,Только индивидуальный расчет,Есть заявка / расчет менеджером без ставок.
C5,4,Отдельные ставки,"Опубликованы отдельные цены или «от», но типовой FBS-сценарий не складывается."
C5,6,Частично вычислимо,Есть стоимость ключевой FBS-операции и часть сопутствующих ставок.
C5,8,Почти полный прайс,"Опубликованы основные операции, хранение/упаковка/логистика; отдельные компоненты требуют уточнения."
C5,10,Полная прозрачность,По публичным данным можно собрать типовой FBS-чек с существенными условиями / минимумами или работающим калькулятором.
C6,0,Нет подтверждения,Нет проверяемых сигналов мощности или операционного контроля.
C6,2,Базовый сигнал,Есть только адрес/режим или общие обещания надежности.
C6,4,Один сильный фактор,Подтвержден один измеримый фактор масштаба/мощности либо 2 независимых механизма контроля.
C6,6,Масштаб + контроль,Есть измеримый масштаб/мощность плюс минимум 1 механизм контроля или формальной ответственности.
C6,8,Сильная инфраструктура,"Есть измеримая мощность/масштаб и 2+ независимых механизма контроля: режим, видео, транспорт, SLA, ответственность."
C6,10,Максимальный запас устойчивости,"Крупная масштабируемая инфраструктура с высокой измеримой мощностью, несколькими независимыми механизмами контроля и формальной ответственностью / SLA."
