criterion_id,criterion,weight,raw_scale,role_in_decision,draft_status
C1,Готовность к сроку FBS и передаче Яндекс Маркету,20,0–10,Проверяет попадание заказа в дневную отгрузку магазина; число рейсов оператора не является самостоятельным бонусом,FROZEN v1.0
C2,"WMS, API и точность остатков",20,0–10,"Проверяет автоматическое получение заказов, остатки, статусы и контроль ошибок",FROZEN v1.0
C3,Полнота FBS-цикла и возвраты,20,0–10,Проверяет возможность вынести весь ежедневный складской цикл наружу,FROZEN v1.0
C4,"Упаковка, ярлыки, маркировка и товарная гибкость",15,0–10,"Проверяет готовность к требованиям Маркета, маркируемым и сложным товарам",FROZEN v1.0
C5,Прозрачность и вычислимость тарифа,10,0–10,"Проверяет прогнозируемость экономики, а не абсолютную дешевизну",FROZEN v1.0
C6,"Мощность, надежность и операционный контроль",15,0–10,"Проверяет запас устойчивости: масштаб, режим, ответственность, видео, SLA и логистическую инфраструктуру без повторного учета cutoff",FROZEN v1.0
TOTAL,Сумма весов,100,,"Итог = сумма(raw / 10 × weight). География — admission filter; доказательность ограничивает уровень и confidence, но не дает отдельные баллы.",FROZEN v1.0
INTERMEDIATE,Промежуточные значения,,"1,3,5,7,9","Нечетный уровень допустим между соседними четными якорями, если нижний якорь полностью подтвержден, а часть следующего — подтверждена. Причина фиксируется в notes.",FROZEN v1.0
TIE_BREAK,Правило равенства,,,"При равном score сравниваются C1 → C2 → C3 → C4 → C5 → C6; если профиль полностью одинаков, фиксируется разделенное место.",FROZEN v1.0
FREEZE,methodologyFrozenAt,,,2026-10-03T10:14:00+03:00,FROZEN v1.0
SENSITIVITY,Проверка устойчивости,5000,seed=20261003,"Uniform(0.8,1.2) по каждому весу → нормализация к 100; Преп-Центр 1-е место 4907/5000 = 98.14%",PASS
